序号,链接,节点数
0,https://clashnode.com/wp-content/uploads/2023/12/20231224.txt,16
1,https://nodefree.org/dy/2023/12/20231224.yaml,13
2,https://oneclash.cc/wp-content/uploads/2023/12/20231224.txt,27
3,https://v2rayshare.com/wp-content/uploads/2023/12/20231224.txt,18
4,https://wefound.cc/freenode/2023/12/20231224.txt,27
5,https://fastestcloud.xyz/api/v1/client/subscribe?token=feb781fc379bc7132699217ad50f31c6,63
6,https://oss.v2rayse.com/proxies/data/2023-12-24/iPTtV5O.txt,26
7,https://prop.cf/?name=paimon&client=base64,2
8,https://prop.cf/?name=paimon&client=clash,2
9,https://raw.githubusercontent.com/abshare/abshare.github.io/main/README.md,130
10,https://raw.githubusercontent.com/aiboboxx/v2rayfree/main/v2,46
11,https://raw.githubusercontent.com/freefq/free/master/v2,35
12,https://raw.githubusercontent.com/mianfeifq/share/main/README.md,125
13,https://raw.githubusercontent.com/mksshare/mksshare.github.io/main/README.md,140
14,https://raw.githubusercontent.com/ripaojiedian/freenode/main/clash,22
15,https://raw.githubusercontent.com/ripaojiedian/freenode/main/sub,22
16,https://www.ckcloud.xyz/api/v1/client/subscribe?token=c8bb8523e2f91a4c0be12f32c449088c,58
17,https://xn--30rs3bu7r87f.com/api/v1/client/subscribe?token=c0495baa710c8248b6099000ffae293d,0
18,dynamic://kkzui,25
19,dynamic://sharkdoor,7

总计,,214
